{
  "project_info": {
    "project_number": "798758770429",
    "firebase_url": "https://tezu-6d1e2.firebaseio.com",
    "project_id": "tezu-6d1e2",
    "storage_bucket": "tezu-6d1e2.appspot.com"
  },
  "client": [
    {
      "client_info": {
        "mobilesdk_app_id": "1:798758770429:android:bc01ac5afa5c6d78575094",
        "android_client_info": {
          "package_name": "com.example.tusocialapp"
        }
      },
      "oauth_client": [
        {
          "client_id": "798758770429-itm77tvrth9h7c4a45tdu2gmjr4pcefe.apps.googleusercontent.com",
          "client_type": 1,
          "android_info": {
            "package_name": "com.example.tusocialapp",
            "certificate_hash": "a6e60a9b46b8ca83d74e42054a5f9ae81f93914f"
          }
        },
        {
          "client_id": "798758770429-3dnfc1nkgsbl7nc4ptu8rl0rjic5btdb.apps.googleusercontent.com",
          "client_type": 3
        }
      ],
      "api_key": [
        {
          "current_key": "AIzaSyDbgQQSLF3e5a-JEKNLeadoOucII0di0G8"
        }
      ],
      "services": {
        "appinvite_service": {
          "other_platform_oauth_client": [
            {
              "client_id": "798758770429-3dnfc1nkgsbl7nc4ptu8rl0rjic5btdb.apps.googleusercontent.com",
              "client_type": 3
            }
          ]
        }
      }
    }
  ],
  "configuration_version": "1"
}